﻿"SU_ID","BANNER_ID","CIP_CODE","CITIZEN_RACE_ETHNICITY_CODE","DEGREE_CODE","ENROLLMENT_CODE","SEX_CODE","FIRSTTIME_CODE","FIRSTTIME_DESC","CITIZENSHIP_DESC","DEPARTMENT_DESC"
"100511889","F00063554","150507","1","1","1","1","2","Graduate Readmit","Citizen",""
"402103997","F00173986","030506","1","1","1","1","2","Graduate Readmit","Non-Citizen","Sustainable Resources Mgt"
"967899209","F00156931","400599","1","1","1","1","1","New Graduate","Citizen","Chemistry"
"847313778","F00178411","400599","1","1","1","1","1","New Graduate","Citizen","Chemistry"
"371140882","F00172818","261305","1","1","1","1","1","New Graduate","Non-Citizen","Environmental Biology"
"739878423","F00117612","150507","1","1","1","1","1","New Graduate","Citizen","Chemical Engineering"
"368314875","F00174829","030104","1","1","1","1","1","New Graduate","Non-Citizen","Environmental Science"
"362919746","F00178341","030104","1","1","1","1","1","New Graduate","Non-Citizen","Environmental Science"
"883432006","F00179606","030501","2","1","1","1","1","New Graduate","Non-Citizen","Sustainable Resources Mgt"
"344162691","F00176976","261305","1","1","1","1","1","New Graduate","Non-Citizen","Environmental Biology"
"532668304","F00176476","150507","1","1","1","1","1","New Graduate","Non-Citizen","Environmental Resources Engr"
"668958897","F00152144","261305","1","1","1","1","2","Continuing Graduate","Non-Citizen","Environmental Biology"
"937147307","F00170589","261305","1","1","1","1","2","Continuing Graduate","Citizen","Environmental Biology"
"506788184","F00119894","261305","1","1","1","1","2","Continuing Graduate","Citizen","Environmental Biology"
"240169387","F00173513","261305","1","1","1","1","2","Continuing Graduate","Citizen","Environmental Biology"
"660215461","F00101944","261305","1","1","1","1","2","Continuing Graduate","Citizen","Environmental Biology"
"916527619","F00173121","261305","1","1","1","1","2","Continuing Graduate","Non-Citizen","Environmental Biology"
"365613255","F00169855","030501","1","1","1","1","2","Continuing Graduate","Non-Citizen","Sustainable Resources Mgt"
"949373059","F00158856","400599","1","1","1","1","2","Continuing Graduate","Non-Citizen","Chemistry"
"230105782","F00156822","400599","1","1","1","1","2","Continuing Graduate","Citizen","Chemistry"
"225119163","F00162804","400599","1","1","1","1","2","Continuing Graduate","Citizen","Chemistry"
"357914224","F00156582","400599","1","1","1","1","2","Continuing Graduate","Non-Citizen","Chemistry"
"392745946","F00146678","400599","1","1","1","1","2","Continuing Graduate","Non-Citizen","Chemistry"
"343994881","F00158423","400599","1","1","1","1","2","Continuing Graduate","Non-Citizen","Chemistry"
"289934550","F00098303","300601","1","1","1","1","2","Continuing Graduate","Citizen","Sustainable Resources Mgt"
"764192481","F00173545","300601","1","1","1","1","2","Continuing Graduate","Non-Citizen","Sustainable Resources Mgt"
"696970702","F00158251","030199","1","1","1","1","2","Continuing Graduate","Non-Citizen","Sustainable Resources Mgt"
"267371179","F00155362","150507","1","1","1","1","2","Continuing Graduate","Non-Citizen","Environmental Resources Engr"
"208702874","F00158120","150507","1","1","1","1","2","Continuing Graduate","Non-Citizen","Environmental Resources Engr"
"200771299","F00172499","150507","1","1","1","1","2","Continuing Graduate","Non-Citizen","Environmental Resources Engr"
"542425175","F00173626","030506","1","1","1","1","2","Continuing Graduate","Non-Citizen","Sustainable Resources Mgt"
"738156570","F00173567","030506","1","1","1","1","2","Continuing Graduate","Non-Citizen","Sustainable Resources Mgt"
"379471976","F00166102","030506","1","1","1","1","2","Continuing Graduate","Non-Citizen","Chemical Engineering"
"651350921","F00119163","150507","1","1","1","1","2","Continuing Graduate","Citizen","Chemical Engineering"
"963963691","F00144394","150507","1","1","1","1","2","Continuing Graduate","Citizen","Chemical Engineering"
"719260435","F00168386","150507","1","1","1","1","2","Continuing Graduate","Non-Citizen","Chemical Engineering"
"919111539","F00168391","150507","1","1","1","1","2","Continuing Graduate","Non-Citizen","Chemical Engineering"
"713777847","F00168940","150507","1","1","1","1","2","Continuing Graduate","Non-Citizen","Chemical Engineering"
"541579576","F00165632","150507","1","1","1","1","2","Continuing Graduate","Non-Citizen","Chemical Engineering"
"523727467","F00165036","150507","1","1","1","1","2","Continuing Graduate","Non-Citizen","Chemical Engineering"
"358520574","F00165047","150507","1","1","1","1","2","Continuing Graduate","Non-Citizen","Chemical Engineering"
"673711039","F00153876","150507","1","1","1","1","2","Continuing Graduate","Citizen","Chemical Engineering"
"239638127","F00169677","150507","1","1","1","1","2","Continuing Graduate","Non-Citizen","Chemical Engineering"
"550767270","F00177196","150507","1","1","1","1","2","Continuing Graduate","Non-Citizen","Chemical Engineering"
"518693101","F00168378","030104","1","1","1","1","2","Continuing Graduate","Non-Citizen","Environmental Science"
"480780750","F00149281","030104","1","1","1","1","2","Continuing Graduate","Non-Citizen","Environmental Science"
"406117277","F00165587","030104","1","1","1","1","2","Continuing Graduate","Citizen","Environmental Science"
"771898351","F00166418","030104","1","1","1","1","2","Continuing Graduate","Citizen","Environmental Science"
"398932255","F00152823","030104","1","1","1","1","2","Continuing Graduate","Non-Citizen","Environmental Science"
"304574057","F00141881","030104","1","1","1","1","2","Continuing Graduate","Permanent Resident","Environmental Science"
"433667385","F00135528","030104","1","1","1","1","2","Continuing Graduate","Citizen","Environmental Science"
"390309673","F00150638","030104","1","1","1","1","2","Continuing Graduate","Citizen","Environmental Science"
"545862095","F00166285","030104","1","1","1","1","2","Continuing Graduate","Non-Citizen","Environmental Science"
"857268112","F00172166","030104","1","1","1","1","2","Continuing Graduate","Non-Citizen","Environmental Science"
"437502653","F00168068","030104","1","1","1","1","2","Continuing Graduate","Citizen","Environmental Science"
"346362719","F00150240","030104","1","1","1","1","2","Continuing Graduate","Citizen","Environmental Science"
"505034115","F00174319","030104","1","1","1","1","2","Continuing Graduate","Non-Citizen","Environmental Science"
"943892889","F00172614","030104","1","1","1","1","2","Continuing Graduate","Non-Citizen","Environmental Science"
"869796224","F00174593","030104","1","1","1","1","2","Continuing Graduate","Non-Citizen","Environmental Science"
"584955032","F00164571","030104","1","1","1","1","2","Continuing Graduate","Citizen",""
"759604017","F00144704","261305","1","1","1","1","2","Continuing Graduate","Citizen","Environmental Biology"
"362624402","F00151518","261305","1","1","1","1","2","Continuing Graduate","Citizen","Environmental Biology"
"658308317","F00167893","261305","1","1","1","1","2","Continuing Graduate","Citizen","Environmental Biology"
"286771910","F00166665","261305","1","1","1","1","2","Continuing Graduate","Citizen","Environmental Biology"
"652855327","F00152487","261305","1","1","1","1","2","Continuing Graduate","Citizen","Environmental Biology"
"312073253","F00160831","261305","1","1","1","1","2","Continuing Graduate","Non-Citizen","Environmental Biology"
"420193004","F00125503","261305","1","1","1","1","2","Continuing Graduate","Citizen","Environmental Biology"
"214385366","F00122620","261305","1","1","1","1","2","Continuing Graduate","Citizen","Environmental Biology"
"605442955","F00146852","261305","2","1","1","1","2","Continuing Graduate","Non-Citizen","Environmental Biology"
"485592939","F00149025","261305","1","1","1","1","2","Continuing Graduate","Citizen","Environmental Biology"
"430472787","F00127231","261305","1","1","1","1","2","Continuing Graduate","Citizen","Environmental Biology"
"892765169","F00165554","261305","1","1","1","1","2","Continuing Graduate","Citizen","Environmental Biology"
"754077669","F00163662","261305","1","1","1","1","2","Continuing Graduate","Citizen","Environmental Biology"
"782293105","F00154575","261305","1","1","1","2","2","Graduate Readmit","Citizen",""
"709824230","F00173597","150507","1","1","1","2","1","New Graduate","Non-Citizen","Environmental Resources Engr"
"861832160","F00177662","261305","1","1","1","2","1","New Graduate","Citizen","Environmental Biology"
"652017691","F00170676","400599","1","1","1","2","1","New Graduate","Non-Citizen","Chemistry"
"308180519","F00162786","030104","1","1","1","2","1","New Graduate","Non-Citizen","Environmental Science"
"488500426","F00149513","400599","1","1","1","2","2","Continuing Graduate","Citizen","Chemistry"
"333946522","F00165756","400599","1","1","1","2","2","Continuing Graduate","Citizen","Chemistry"
"203167214","F00157081","400599","1","1","1","2","2","Continuing Graduate","Non-Citizen","Chemistry"
"342186026","F00168508","400599","1","1","1","2","2","Continuing Graduate","Non-Citizen","Chemistry"
"255471113","F00165293","400599","1","1","1","2","2","Continuing Graduate","Citizen","Chemistry"
"283427104","F00162959","400599","1","1","1","2","2","Continuing Graduate","Non-Citizen","Chemistry"
"821704717","F00162013","400599","1","1","1","2","2","Continuing Graduate","Citizen","Chemistry"
"591883119","F00161553","400599","1","1","1","2","2","Continuing Graduate","Citizen","Chemistry"
"827657300","F00140504","400599","1","1","1","2","2","Continuing Graduate","Non-Citizen","Chemistry"
"335638804","F00172454","400599","1","1","1","2","2","Continuing Graduate","Non-Citizen","Chemistry"
"469823759","F00169275","400599","1","1","1","2","2","Continuing Graduate","Non-Citizen","Chemistry"
"636550417","F00125944","400599","1","1","1","2","2","Continuing Graduate","Citizen","Chemistry"
"891725124","F00172611","400599","1","1","1","2","2","Continuing Graduate","Citizen","Chemistry"
"705636536","F00137140","300601","1","1","1","2","2","Continuing Graduate","Citizen","Sustainable Resources Mgt"
"990515389","F00176981","300601","1","1","1","2","2","Continuing Graduate","Citizen","Sustainable Resources Mgt"
"788020722","F00142049","030199","1","1","1","2","2","Continuing Graduate","Non-Citizen","Sustainable Resources Mgt"
"832785498","F00169872","150507","1","1","1","2","2","Continuing Graduate","Non-Citizen","Environmental Resources Engr"
"472169436","F00157470","150507","1","1","1","2","2","Continuing Graduate","Non-Citizen","Environmental Resources Engr"
"340333151","F00154184","150507","1","1","1","2","2","Continuing Graduate","Citizen","Environmental Resources Engr"
"221642029","F00169141","150507","1","1","1","2","2","Continuing Graduate","Non-Citizen","Environmental Resources Engr"
"258932022","F00169675","150507","1","1","1","2","2","Continuing Graduate","Non-Citizen","Environmental Resources Engr"
"766370471","F00165044","150507","1","1","1","2","2","Continuing Graduate","Non-Citizen","Chemical Engineering"
"358368410","F00165049","150507","1","1","1","2","2","Continuing Graduate","Non-Citizen","Chemical Engineering"
"731193953","F00125911","150507","1","1","1","2","2","Continuing Graduate","Citizen","Chemical Engineering"
"910692496","F00158098","150507","1","1","1","2","2","Continuing Graduate","Non-Citizen","Chemical Engineering"
"755705914","F00152072","150507","1","1","1","2","2","Continuing Graduate","Non-Citizen","Chemical Engineering"
"780433697","F00172831","150507","1","1","1","2","2","Continuing Graduate","Non-Citizen","Chemical Engineering"
"873009312","F00172915","150507","1","1","1","2","2","Continuing Graduate","Non-Citizen","Chemical Engineering"
"361473635","F00172519","150507","1","1","1","2","2","Continuing Graduate","Non-Citizen","Chemical Engineering"
"294003495","F00165724","030104","2","1","1","2","2","Continuing Graduate","Non-Citizen","Environmental Science"
"101925313","F00086824","030104","1","1","1","2","2","Continuing Graduate","Citizen","Environmental Science"
"684090863","F00166918","030104","2","1","1","2","2","Continuing Graduate","Citizen","Environmental Science"
"906130416","F00159078","030104","1","1","1","2","2","Continuing Graduate","Citizen","Environmental Science"
"260479941","F00158041","030104","1","1","1","2","2","Continuing Graduate","Citizen","Environmental Science"
"322566951","F00153152","030104","1","1","1","2","2","Continuing Graduate","Non-Citizen","Environmental Science"
"967078858","F00164562","030104","1","1","1","2","2","Continuing Graduate","Non-Citizen","Environmental Science"
"958080784","F00161407","030104","1","1","1","2","2","Continuing Graduate","Non-Citizen","Environmental Science"
"624455591","F00161409","030104","1","1","1","2","2","Continuing Graduate","Non-Citizen","Environmental Science"
"465114928","F00142026","030104","1","1","1","2","2","Continuing Graduate","Non-Citizen","Environmental Science"
"693290078","F00140232","030104","1","1","1","2","2","Continuing Graduate","Non-Citizen","Environmental Science"
"321028369","F00146708","030104","1","1","1","2","2","Continuing Graduate","Citizen","Environmental Science"
"906399000","F00171982","030104","1","1","1","2","2","Continuing Graduate","Non-Citizen","Environmental Science"
"201829850","F00169236","030104","1","1","1","2","2","Continuing Graduate","Non-Citizen","Environmental Science"
"950521055","F00169262","030104","1","1","1","2","2","Continuing Graduate","Citizen","Environmental Science"
"403288348","F00169498","030104","1","1","1","2","2","Continuing Graduate","Non-Citizen","Environmental Science"
"803459351","F00169499","030104","1","1","1","2","2","Continuing Graduate","Non-Citizen","Environmental Science"
"269127347","F00173630","030104","1","1","1","2","2","Continuing Graduate","Non-Citizen","Environmental Science"
"745270120","F00173200","030104","1","1","1","2","2","Continuing Graduate","Non-Citizen","Environmental Science"
"996620618","F00172149","030104","","1","1","2","2","Continuing Graduate","Non-Citizen","Environmental Science"
"839503707","F00175942","030104","1","1","1","2","2","Continuing Graduate","Citizen","Environmental Science"
"400903881","F00174599","030104","1","1","1","2","2","Continuing Graduate","Non-Citizen","Environmental Science"
"598461873","F00176433","030104","1","1","1","2","2","Continuing Graduate","Citizen","Environmental Science"
"978419409","F00152746","143301","1","1","1","2","2","Continuing Graduate","Permanent Resident","Sustainable Resources Mgt"
"254340323","F00148800","261305","1","1","1","2","2","Continuing Graduate","Citizen","Environmental Biology"
"585480723","F00157565","261305","1","1","1","2","2","Continuing Graduate","Citizen","Environmental Biology"
"495010572","F00097532","261305","1","1","1","2","2","Continuing Graduate","Citizen","Environmental Biology"
"109903618","F00168846","261305","1","1","1","2","2","Continuing Graduate","Citizen","Environmental Biology"
"232806745","F00161732","261305","1","1","1","2","2","Continuing Graduate","Non-Citizen","Environmental Biology"
"691236088","F00156830","261305","1","1","1","2","2","Continuing Graduate","Citizen","Environmental Biology"
"651587323","F00163131","261305","1","1","1","2","2","Continuing Graduate","Non-Citizen","Environmental Biology"
"726352990","F00153499","261305","1","1","1","2","2","Continuing Graduate","Citizen","Environmental Biology"
"514719937","F00161536","261305","2","1","1","2","2","Continuing Graduate","Citizen","Environmental Biology"
"279236036","F00151654","261305","2","1","1","2","2","Continuing Graduate","Non-Citizen","Environmental Biology"
"614412569","F00140510","261305","1","1","1","2","2","Continuing Graduate","Citizen","Environmental Biology"
"588048332","F00172769","261305","1","1","1","2","2","Continuing Graduate","Citizen","Environmental Biology"
"292466253","F00169380","261305","1","1","1","2","2","Continuing Graduate","Citizen","Environmental Biology"
"355096425","F00169892","261305","1","1","1","2","2","Continuing Graduate","Citizen","Environmental Biology"
"301165354","F00169897","261305","1","1","1","2","2","Continuing Graduate","Citizen","Environmental Biology"
"387860622","F00170557","261305","1","1","1","2","2","Continuing Graduate","Citizen","Environmental Biology"
"633027771","F00175355","261305","1","1","1","2","2","Continuing Graduate","Citizen","Environmental Biology"
"552692991","F00176406","261305","1","1","1","2","2","Continuing Graduate","Citizen","Environmental Biology"
"379121859","F00111365","261305","1","1","1","2","2","Continuing Graduate","Citizen","Environmental Biology"
"454081839","F00132702","261305","1","1","1","2","2","Continuing Graduate","Citizen","Environmental Biology"
"977050834","F00172606","261305","1","1","1","2","2","Continuing Graduate","Non-Citizen","Environmental Biology"
"474925089","F00173229","261305","2","1","1","2","2","Continuing Graduate","Non-Citizen","Environmental Biology"
"249274378","F00176442","261305","1","1","1","2","2","Continuing Graduate","Citizen","Environmental Biology"
"109225213","F00132441","030501","1","1","1","2","2","Continuing Graduate","Citizen","Sustainable Resources Mgt"
"109968613","F00168841","030501","1","1","1","2","2","Continuing Graduate","Citizen","Sustainable Resources Mgt"
"947739135","F00176437","030501","1","1","1","2","2","Continuing Graduate","Non-Citizen","Sustainable Resources Mgt"
"736148930","F00176821","030501","1","1","1","2","2","Continuing Graduate","Non-Citizen","Sustainable Resources Mgt"
"766918763","F00178499","261305","1","2","1","1","1","New Graduate","Citizen","Environmental Biology"
"687057840","F00177462","261305","1","2","1","1","1","New Graduate","Citizen","Environmental Biology"
"860376095","F00177350","150507","1","2","1","1","1","New Graduate","","Environmental Resources Engr"
"334662103","F00149037","030101","1","2","1","1","1","New Graduate","Citizen","Landscape Architecture"
"109901908","F00132880","261305","1","2","1","1","1","New Graduate","Citizen","Environmental Biology"
"256064345","F00173966","261305","1","2","1","1","1","New Graduate","Citizen","Environmental Biology"
"616638288","F00179077","150507","1","2","1","1","1","New Graduate","Non-Citizen","Chemical Engineering"
"330780048","F00132410","150507","1","2","1","1","1","New Graduate","Citizen","Environmental Resources Engr"
"493201598","F00170585","140501","1","2","1","1","2","Continuing Graduate","Non-Citizen","Chemical Engineering"
"372278602","F00155514","030501","1","2","1","1","2","Continuing Graduate","Citizen","Sustainable Resources Mgt"
"396703913","F00160140","030501","1","2","1","1","2","Continuing Graduate","Citizen","Sustainable Resources Mgt"
"970315317","F00172760","030501","1","2","1","1","2","Continuing Graduate","Citizen","Sustainable Resources Mgt"
"942292050","F00176381","030501","1","2","1","1","2","Continuing Graduate","Citizen","Sustainable Resources Mgt"
"572104871","F00173593","030501","1","2","1","1","2","Continuing Graduate","Citizen","Sustainable Resources Mgt"
"835357525","F00173528","030501","1","2","1","1","2","Continuing Graduate","Citizen","Sustainable Resources Mgt"
"473489974","F00176690","030501","","2","1","1","2","Continuing Graduate","Citizen","Sustainable Resources Mgt"
"406698928","F00172456","030104","1","2","1","1","2","Continuing Graduate","Citizen","Environmental Science"
"496226131","F00173923","030104","1","2","1","1","2","Continuing Graduate","Citizen","Environmental Science"
"336388034","F00173535","030104","1","2","1","1","2","Continuing Graduate","Citizen","Environmental Science"
"555142002","F00176987","030104","1","2","1","1","2","Continuing Graduate","Non-Citizen","Environmental Science"
"200883595","F00176700","030104","","2","1","1","2","Continuing Graduate","Non-Citizen","Environmental Science"
"482044750","F00176471","030104","1","2","1","1","2","Continuing Graduate","Citizen","Environmental Science"
"431551919","F00176337","030104","1","2","1","1","2","Continuing Graduate","Citizen","Environmental Science"
"351303852","F00167163","030104","1","2","1","1","2","Continuing Graduate","Citizen","Environmental Studies"
"492810873","F00176022","030104","1","2","1","1","2","Continuing Graduate","Citizen","Environmental Studies"
"301786872","F00151535","261305","1","2","1","1","2","Continuing Graduate","Citizen","Environmental Biology"
"716057958","F00165754","261305","1","2","1","1","2","Continuing Graduate","Citizen","Environmental Biology"
"224485218","F00155031","261305","1","2","1","1","2","Continuing Graduate","Citizen","Environmental Biology"
"847240368","F00166195","261305","1","2","1","1","2","Continuing Graduate","Citizen","Environmental Biology"
"389984758","F00150611","261305","1","2","1","1","2","Continuing Graduate","Citizen","Environmental Biology"
"709687699","F00156562","261305","1","2","1","1","2","Continuing Graduate","Citizen","Environmental Biology"
"643674513","F00153184","261305","1","2","1","1","2","Continuing Graduate","Citizen","Environmental Biology"
"489232912","F00164330","261305","1","2","1","1","2","Continuing Graduate","Citizen","Environmental Biology"
"982573592","F00137637","261305","1","2","1","1","2","Continuing Graduate","Citizen","Environmental Biology"
"375520672","F00156256","400599","1","2","1","1","2","Continuing Graduate","Citizen","Chemistry"
"380578140","F00154498","400599","1","2","1","1","2","Continuing Graduate","Citizen","Chemistry"
"200980579","F00146717","400599","1","2","1","1","2","Continuing Graduate","Citizen","Chemistry"
"488739094","F00171979","400599","1","2","1","1","2","Continuing Graduate","Non-Citizen","Chemistry"
"525536791","F00150898","400599","1","2","1","1","2","Continuing Graduate","Citizen","Chemistry"
"890928912","F00176323","400599","1","2","1","1","2","Continuing Graduate","Citizen","Chemistry"
"510444008","F00168353","300601","1","2","1","1","2","Continuing Graduate","Citizen","Sustainable Resources Mgt"
"735504952","F00173506","300601","1","2","1","1","2","Continuing Graduate","Non-Citizen","Sustainable Resources Mgt"
"101500205","F00104405","150507","1","2","1","1","2","Continuing Graduate","Citizen","Environmental Resources Engr"
"826410317","F00172161","140501","1","2","1","1","2","Continuing Graduate","Non-Citizen","Chemical Engineering"
"321762023","F00176326","261305","1","2","1","1","2","Continuing Graduate","Citizen","Environmental Biology"
"704225860","F00173565","261305","1","2","1","1","2","Continuing Graduate","Citizen","Environmental Biology"
"258445252","F00173045","261305","1","2","1","1","2","Continuing Graduate","Citizen","Environmental Biology"
"364956622","F00177080","261305","1","2","1","1","2","Continuing Graduate","Citizen","Environmental Biology"
"833755947","F00176102","261305","1","2","1","1","2","Continuing Graduate","Citizen","Environmental Biology"
"392037551","F00176375","261305","1","2","1","1","2","Continuing Graduate","Citizen","Environmental Biology"
"410301011","F00146783","030104","1","2","1","1","2","Continuing Graduate","Citizen","Environmental Science"
"440012139","F00139433","261305","1","2","1","1","2","Continuing Graduate","Citizen","Environmental Biology"
"341177110","F00161563","030104","1","2","1","1","2","Continuing Graduate","Citizen","Environmental Science"
"675857582","F00154194","030104","1","2","1","1","2","Continuing Graduate","Citizen","Environmental Science"
"613415730","F00116426","150507","1","2","1","1","2","Continuing Graduate","Citizen","Chemical Engineering"
"401601787","F00144688","030104","2","2","1","1","2","Continuing Graduate","Citizen","Environmental Science"
"294547213","F00163429","030104","1","2","1","2","2","Graduate Readmit","Citizen",""
"577037710","F00177129","261305","1","2","1","2","1","New Graduate","Citizen","Environmental Biology"
"395324111","F00178059","030104","1","2","1","2","1","New Graduate","Citizen","Environmental Studies"
"577949597","F00172492","261305","1","2","1","2","2","Continuing Graduate","Citizen","Environmental Biology"
"598370311","F00172326","261305","1","2","1","2","2","Continuing Graduate","Citizen","Environmental Biology"
"306891195","F00170229","261305","1","2","1","2","2","Continuing Graduate","Citizen","Environmental Biology"
"238907301","F00169077","261305","1","2","1","2","2","Continuing Graduate","Citizen","Environmental Biology"
"429158726","F00176387","261305","1","2","1","2","2","Continuing Graduate","Citizen","Environmental Biology"
"728675579","F00139033","261305","1","2","1","2","2","Continuing Graduate","Citizen","Environmental Biology"
"208389937","F00176782","261305","1","2","1","2","2","Continuing Graduate","Non-Citizen","Environmental Biology"
"665923752","F00120484","261305","1","2","1","2","2","Continuing Graduate","Citizen","Environmental Biology"
"323042657","F00172597","261305","1","2","1","2","2","Continuing Graduate","Citizen","Environmental Biology"
"645383759","F00172618","261305","1","2","1","2","2","Continuing Graduate","Citizen","Environmental Biology"
"787454341","F00173600","261305","2","2","1","2","2","Continuing Graduate","Non-Citizen","Environmental Biology"
"868947369","F00173985","261305","1","2","1","2","2","Continuing Graduate","Citizen","Environmental Biology"
"380924732","F00174498","261305","1","2","1","2","2","Continuing Graduate","Citizen","Environmental Biology"
"694282133","F00173024","261305","1","2","1","2","2","Continuing Graduate","Citizen","Environmental Biology"
"220212005","F00172917","261305","1","2","1","2","2","Continuing Graduate","Citizen","Environmental Biology"
"679005520","F00176451","261305","1","2","1","2","2","Continuing Graduate","Citizen","Environmental Biology"
"502671162","F00176453","261305","1","2","1","2","2","Continuing Graduate","Citizen","Environmental Biology"
"974977714","F00176333","261305","1","2","1","2","2","Continuing Graduate","Citizen","Environmental Biology"
"504343177","F00176352","261305","1","2","1","2","2","Continuing Graduate","Citizen","Environmental Biology"
"434748140","F00170489","261305","1","2","1","2","2","Continuing Graduate","Citizen",""
"623310777","F00143066","030501","2","2","1","2","2","Continuing Graduate","Citizen","Sustainable Resources Mgt"
"348468606","F00155355","030501","2","2","1","2","2","Continuing Graduate","Citizen","Sustainable Resources Mgt"
"526076804","F00169495","030501","1","2","1","2","2","Continuing Graduate","Non-Citizen","Sustainable Resources Mgt"
"407505091","F00160165","030501","1","2","1","2","2","Continuing Graduate","Citizen","Sustainable Resources Mgt"
"977049656","F00173103","030501","2","2","1","2","2","Continuing Graduate","Citizen","Sustainable Resources Mgt"
"820497485","F00174591","030501","1","2","1","2","2","Continuing Graduate","Citizen","Sustainable Resources Mgt"
"108207382","F00166261","030104","1","2","1","2","2","Continuing Graduate","Citizen","Environmental Science"
"806424376","F00168942","030104","1","2","1","2","2","Continuing Graduate","Citizen","Environmental Science"
"237520923","F00177375","030104","1","2","1","2","2","Continuing Graduate","Citizen","Environmental Science"
"683298080","F00173922","030104","","2","1","2","2","Continuing Graduate","Non-Citizen","Environmental Science"
"391817909","F00176329","030104","1","2","1","2","2","Continuing Graduate","Citizen","Environmental Science"
"422280658","F00172198","030104","1","2","1","2","2","Continuing Graduate","Citizen","Environmental Studies"
"514845935","F00172319","030104","1","2","1","2","2","Continuing Graduate","Citizen","Environmental Studies"
"867193578","F00169274","030104","1","2","1","2","2","Continuing Graduate","Citizen","Environmental Studies"
"897313518","F00172976","030104","1","2","1","2","2","Continuing Graduate","Citizen","Environmental Studies"
"217084574","F00174595","030104","1","2","1","2","2","Continuing Graduate","Citizen","Environmental Studies"
"210535039","F00172298","143301","1","2","1","2","2","Continuing Graduate","Non-Citizen","Sustainable Resources Mgt"
"990672820","F00142661","261305","1","2","1","2","2","Continuing Graduate","Citizen","Environmental Biology"
"253104259","F00148112","261305","1","2","1","2","2","Continuing Graduate","Citizen","Environmental Biology"
"838882199","F00155436","261305","1","2","1","2","2","Continuing Graduate","Citizen","Environmental Biology"
"257840020","F00146327","261305","1","2","1","2","2","Continuing Graduate","Citizen","Environmental Biology"
"868825653","F00166606","261305","1","2","1","2","2","Continuing Graduate","Citizen","Environmental Biology"
"340395172","F00166142","261305","1","2","1","2","2","Continuing Graduate","Citizen","Environmental Biology"
"251506286","F00163571","261305","1","2","1","2","2","Continuing Graduate","Citizen","Environmental Biology"
"393863298","F00159553","261305","1","2","1","2","2","Continuing Graduate","Citizen","Environmental Biology"
"238589414","F00130457","261305","1","2","1","2","2","Continuing Graduate","Citizen","Environmental Biology"
"237406689","F00147082","261305","1","2","1","2","2","Continuing Graduate","Citizen","Environmental Biology"
"897369692","F00172447","261305","1","2","1","2","2","Continuing Graduate","Citizen","Environmental Biology"
"264692856","F00163008","400599","1","2","1","2","2","Continuing Graduate","Non-Citizen","Chemistry"
"650840961","F00149212","400599","1","2","1","2","2","Continuing Graduate","Citizen","Chemistry"
"623742691","F00174581","300601","1","2","1","2","2","Continuing Graduate","Citizen","Sustainable Resources Mgt"
"209953927","F00176428","300601","1","2","1","2","2","Continuing Graduate","Citizen","Sustainable Resources Mgt"
"579803695","F00176930","030199","1","2","1","2","2","Continuing Graduate","Non-Citizen","Sustainable Resources Mgt"
"383076241","F00176380","030199","1","2","1","2","2","Continuing Graduate","Citizen","Sustainable Resources Mgt"
"350474967","F00162027","150507","1","2","1","2","2","Continuing Graduate","Citizen","Environmental Resources Engr"
"472580950","F00168290","150507","1","2","1","2","2","Continuing Graduate","Non-Citizen","Environmental Resources Engr"
"429203545","F00176160","150507","1","2","1","2","2","Continuing Graduate","Citizen","Environmental Resources Engr"
"661881375","F00174584","150507","1","2","1","2","2","Continuing Graduate","Citizen","Environmental Resources Engr"
"308099377","F00128995","030506","1","2","1","2","2","Continuing Graduate","Citizen","Sustainable Resources Mgt"
"705028041","F00165050","150507","1","2","1","2","2","Continuing Graduate","Non-Citizen","Chemical Engineering"
"109353365","F00144699","030104","1","2","1","2","2","Continuing Graduate","Citizen","Environmental Science"
"377326237","F00132453","030104","1","2","1","2","2","Continuing Graduate","Citizen","Environmental Science"
"614067029","F00168941","030104","1","2","1","2","2","Continuing Graduate","Citizen","Environmental Science"
"749129141","F00162521","030104","1","2","1","2","2","Continuing Graduate","Citizen","Environmental Science"
"875027392","F00161562","030104","1","2","1","2","2","Continuing Graduate","Citizen","Environmental Science"
"244666602","F00165431","030104","1","2","1","2","2","Continuing Graduate","Citizen","Environmental Science"
"223202237","F00169264","030104","1","2","1","1","2","Graduate Readmit","Citizen","Environmental Science"
"109624595","F00136813","261305","1","2","1","1","1","New Graduate","Citizen","Environmental Biology"
"574256051","F00106642","030104","1","2","1","1","1","New Graduate","Citizen","Environmental Science"
"539446926","F00114639","030501","1","2","1","1","1","New Graduate","Citizen","Sustainable Resources Mgt"
"266143396","F00176332","030104","1","2","1","1","1","New Graduate","Citizen","Environmental Studies"
"499744678","F00161908","143301","1","2","1","1","2","Continuing Graduate","Non-Citizen","Sustainable Resources Mgt"
"219107948","F00170596","150507","1","2","1","1","2","Continuing Graduate","Non-Citizen","Environmental Resources Engr"
"433310873","F00154177","261305","1","2","1","1","2","Continuing Graduate","Citizen","Environmental Biology"
"512988340","F00152028","261305","1","2","1","1","2","Continuing Graduate","Non-Citizen","Environmental Biology"
"341257031","F00170479","150507","1","2","1","1","2","Continuing Graduate","Citizen","Chemical Engineering"
"814463393","F00155340","261305","1","2","1","1","2","Continuing Graduate","Citizen","Environmental Biology"
"583768717","F00174336","030199","1","2","1","1","2","Continuing Graduate","Citizen","Sustainable Resources Mgt"
"203078611","F00152082","150507","2","2","1","1","2","Continuing Graduate","Citizen","Environmental Resources Engr"
"312123240","F00172843","030104","1","2","1","1","2","Continuing Graduate","Citizen","Environmental Studies"
"594957207","F00148032","030104","1","2","1","1","2","Continuing Graduate","Citizen","Environmental Science"
"815343055","F00168446","030104","1","2","1","1","2","Continuing Graduate","Citizen","Environmental Science"
"366918963","F00172575","030104","1","2","1","1","2","Continuing Graduate","Citizen","Environmental Science"
"292938113","F00174579","030104","1","2","1","1","2","Continuing Graduate","Citizen","Environmental Science"
"797610895","F00176398","030501","1","2","1","1","2","Continuing Graduate","Citizen","Sustainable Resources Mgt"
"237965837","F00167380","030104","1","2","1","1","2","Continuing Graduate","Citizen","Environmental Studies"
"676388874","F00173989","261305","1","2","1","1","2","Continuing Graduate","Citizen","Environmental Biology"
"522976283","F00172544","030104","1","2","1","2","2","Graduate Readmit","Citizen","Environmental Science"
"978216891","F00157371","261305","1","2","1","2","2","Graduate Readmit","Citizen","Environmental Biology"
"376921097","F00176426","150507","1","2","1","2","1","New Graduate","Citizen","Environmental Resources Engr"
"204716546","F00155166","261305","1","2","1","2","2","Continuing Graduate","Citizen","Environmental Biology"
"949216334","F00159366","261305","1","2","1","2","2","Continuing Graduate","Citizen","Environmental Biology"
"338960072","F00166874","261305","1","2","1","2","2","Continuing Graduate","Citizen","Environmental Biology"
"540256805","F00172644","030104","1","2","1","2","2","Continuing Graduate","Citizen","Environmental Studies"
"771646280","F00176361","030104","1","2","1","2","2","Continuing Graduate","Non-Citizen","Environmental Studies"
"304147994","F00176444","030104","1","2","1","2","2","Continuing Graduate","Citizen","Environmental Science"
"923575944","F00176144","030104","1","2","1","2","2","Continuing Graduate","Citizen","Environmental Science"
"364361985","F00177528","030104","1","2","1","2","2","Continuing Graduate","Citizen","Environmental Science"
"251345977","F00177073","030501","1","2","1","2","2","Continuing Graduate","Citizen","Sustainable Resources Mgt"
"811982212","F00177343","261305","1","2","1","2","2","Continuing Graduate","Citizen","Environmental Biology"
"408662176","F00174281","261305","1","2","1","2","2","Continuing Graduate","Citizen","Environmental Biology"
"296261503","F00173571","261305","1","2","1","2","2","Continuing Graduate","Citizen","Environmental Biology"
"341664646","F00143722","030104","1","2","1","2","2","Continuing Graduate","Citizen","Environmental Science"
"498822287","F00172054","150507","1","2","1","2","2","Continuing Graduate","Citizen","Environmental Resources Engr"
"572977097","F00172190","030101","1","2","1","1","2","Continuing Graduate","Citizen","Landscape Architecture"
"564636824","F00176438","030101","1","2","1","1","2","Continuing Graduate","Citizen","Landscape Architecture"
"210379992","F00177474","030101","1","2","1","1","2","Continuing Graduate","Citizen","Landscape Architecture"
"357303835","F00170584","030101","1","2","1","1","2","Continuing Graduate","Citizen","Landscape Architecture"
"661334410","F00177464","030101","1","2","1","2","2","Continuing Graduate","Citizen","Landscape Architecture"
"399919424","F00177407","030101","1","2","1","2","2","Continuing Graduate","Citizen","Landscape Architecture"
"634247336","F00172875","030101","1","2","1","2","2","Continuing Graduate","Citizen","Landscape Architecture"
"221150883","F00172038","030101","1","2","1","2","2","Continuing Graduate","Citizen","Landscape Architecture"
"467646418","F00172050","030101","","2","1","2","2","Continuing Graduate","Citizen","Landscape Architecture"
"433103677","F00176473","030101","1","2","1","2","2","Continuing Graduate","Citizen","Landscape Architecture"
"205633235","F00168525","030101","1","2","1","2","2","Continuing Graduate","Citizen","Landscape Architecture"
"264723888","F00169518","030101","1","2","1","2","2","Continuing Graduate","Citizen","Landscape Architecture"
"602948503","F00158071","030101","1","2","1","2","2","Continuing Graduate","Citizen","Landscape Architecture"
"359880147","F00172305","030101","1","2","1","2","2","Continuing Graduate","Citizen","Landscape Architecture"
"735783404","F00168935","030101","1","2","1","2","2","Continuing Graduate","Citizen","Landscape Architecture"
"270414601","F00172195","030101","1","2","1","2","2","Continuing Graduate","Citizen","Landscape Architecture"
"202834971","F00172197","030101","1","2","1","2","2","Continuing Graduate","Citizen","Landscape Architecture"
"682289375","F00132719","030101","1","2","1","2","2","Continuing Graduate","Citizen","Landscape Architecture"
"412280433","F00176395","030506","1","2","1","","2","Continuing Graduate","Citizen","Sustainable Resources Mgt"
"666165529","F00178057","030506","1","2","1","1","1","New Graduate","Citizen","Sustainable Resources Mgt"
"709360387","F00172034","030506","1","2","1","1","2","Continuing Graduate","Citizen","Sustainable Resources Mgt"
"868599712","F00168454","030506","1","2","1","1","2","Continuing Graduate","Citizen","Sustainable Resources Mgt"
"641992091","F00172587","030506","1","2","1","2","2","Continuing Graduate","Citizen","Sustainable Resources Mgt"
"255997870","F00177490","030103","1","2","1","1","2","Continuing Graduate","Citizen","Environmental Studies"
"576180504","F00176041","030103","1","2","1","1","2","Continuing Graduate","Citizen","Environmental Studies"
"680813176","F00177176","030103","1","2","1","2","2","Continuing Graduate","Citizen","Environmental Studies"
"529501329","F00177177","030103","1","2","1","2","2","Continuing Graduate","Citizen","Environmental Studies"
"462763384","F00176053","030103","1","2","1","2","2","Continuing Graduate","Citizen","Environmental Studies"
"301678480","F00177319","030103","1","2","1","2","2","Continuing Graduate","Citizen","Environmental Studies"
"988158356","F00173964","030103","1","2","1","2","2","Continuing Graduate","Citizen","Environmental Studies"
"664679155","F00178498","030104","1","2","1","2","1","New Graduate","Citizen","Environmental Studies"
